LPDS_254nm,LPDS_366nm,LPDS_visible,LPDS_developer,MPDS_254nm,MPDS_366nm,MPDS_visible,MPDS_developer,HPDS_254nm,HPDS_366nm,HPDS_visible,HPDS_developer
,,0.0754344581795204,0.076902456510312,0.0766970625167086,,,,0.076902456510312,,,
,,-0.0567166375226554,0.0578459743997188,-0.0254601385725005,,,,0.05784597439971883,,,
,,-0.01856285605015,-0.0181580142505419,-0.0516086753385586,,,,-0.018158014250541907,,,
,,0.0091793334518663,0.0137792354706318,0.0244607590310165,,,,0.013779235470631977,,,
,,0.0176494394078505,-0.0162995690579202,-0.007366706014751,,,,-0.01629956905792022,,,
