LPDS_254nm,LPDS_366nm,LPDS_visible,LPDS_developer,MPDS_254nm,MPDS_366nm,MPDS_visible,MPDS_developer,HPDS_254nm,HPDS_366nm,HPDS_visible,HPDS_developer
,,,0.0768830746788976,0.0755446683007242,,,,0.07688307467889764,,,
,,,-0.0574384599587884,0.0599494872254333,,,,-0.05743845995878838,,,
,,,-0.0210558620071662,-0.0202502028479826,,,,-0.02105586200716623,,,
,,,0.0102299680452514,0.004383579021181,,,,0.010229968045251506,,,
,,,0.0166706952547696,0.0201085437969843,,,,0.01667069525476955,,,
