LPDS_254nm,LPDS_366nm,LPDS_visible,LPDS_developer,MPDS_254nm,MPDS_366nm,MPDS_visible,MPDS_developer,HPDS_254nm,HPDS_366nm,HPDS_visible,HPDS_developer
,,0.0755095528135199,0.0769004198509142,0.0755318507769583,,,,0.07690041985091425,,,
,,-0.0566990926234787,0.0578006896595014,0.0603746288778094,,,,0.05780068965950138,,,
,,-0.0185725813897684,-0.017843020013183,-0.0169010871174266,,,,-0.01784302001318296,,,
,,0.0093881580354631,0.0154628169674472,0.0109602314630379,,,,0.015462816967447078,,,
,,0.0175717783644289,-0.0153427900534267,0.0198607221995553,,,,-0.015342790053426942,,,
