LPDS_254nm,LPDS_366nm,LPDS_visible,LPDS_developer,MPDS_254nm,MPDS_366nm,MPDS_visible,MPDS_developer,HPDS_254nm,HPDS_366nm,HPDS_visible,HPDS_developer
,,,0.0769263104907824,0.0755577989005088,,,,0.07692631049078234,,,
,,,0.0577941980152049,0.0603673092556831,,,,0.05779419801520506,,,
,,,-0.0178368314597111,-0.0168942588381605,,,,-0.01783683145971119,,,
,,,0.0154773443166488,0.0109878894301647,,,,0.015477344316648876,,,
,,,-0.015345427184186,0.0198591829357415,,,,-0.015345427184186017,,,
