LPDS_254nm,LPDS_366nm,LPDS_visible,LPDS_developer,MPDS_254nm,MPDS_366nm,MPDS_visible,MPDS_developer,HPDS_254nm,HPDS_366nm,HPDS_visible,HPDS_developer
,,0.0755190325884216,0.0768549258987848,0.0754799105706589,,,,0.07685492589878487,,,
,,-0.0566950839876405,0.0578741296412543,0.060448781999655,,,,0.057874129641254365,,,
,,-0.0186048650863128,-0.0182171039025441,-0.0172926055583731,,,,-0.018217103902544166,,,
,,0.0086843675024122,0.0118119377871158,0.0044427022535877,,,,0.011811937787115609,,,
,,0.0178477989681371,0.0173158156917077,0.0214171012261983,,,,0.017315815691707793,,,
