LPDS_254nm,LPDS_366nm,LPDS_visible,LPDS_developer,MPDS_254nm,MPDS_366nm,MPDS_visible,MPDS_developer,HPDS_254nm,HPDS_366nm,HPDS_visible,HPDS_developer
,,,,0.0769263104907824,,,,,,,
,,,,0.057794198015204974,,,,,,,
,,,,-0.017836831459711194,,,,,,,
,,,,0.015477344316648782,,,,,,,
,,,,-0.015345427184186014,,,,,,,
,,,,0.00501005500900728,,,,,,,
,,,,-0.002664334436050907,,,,,,,
,,,,0.002526707380221585,,,,,,,
,,,,0.0010779692485315985,,,,,,,
,,,,0.0007615545451488009,,,,,,,
