LPDS_254nm,LPDS_366nm,LPDS_visible,LPDS_developer,MPDS_254nm,MPDS_366nm,MPDS_visible,MPDS_developer,HPDS_254nm,HPDS_366nm,HPDS_visible,HPDS_developer
,,,,-0.079460929292657,,,,-0.0794609292926569,,,
,,,,0.03577229096851,,,,0.03577229096851015,,,
,,,,0.0123313443517763,,,,0.012331344351776345,,,
,,,,-0.0020728860276575,,,,-0.0020728860276575957,,,
,,,,0.0030024697251365,,,,0.0030024697251365274,,,
