LPDS_254nm,LPDS_366nm,LPDS_visible,LPDS_developer,MPDS_254nm,MPDS_366nm,MPDS_visible,MPDS_developer,HPDS_254nm,HPDS_366nm,HPDS_visible,HPDS_developer
,,0.0781835491971516,0.0795458415906053,0.0791995488582441,,,,0.07954584159060532,,,
,,-0.0348062549321301,0.035710862101094,-0.0115535904093162,,,,0.035710862101094046,,,
,,-0.0121154555589282,-0.012356392695115,-0.0333827269183589,,,,-0.012356392695115051,,,
,,0.0029706458873088,0.0023030407978799,0.0103399783738513,,,,0.00230304079787987,,,
,,-0.0023762400184067,0.0030234665516238,0.0025618545545328,,,,0.003023466551623879,,,
