LPDS_254nm,LPDS_366nm,LPDS_visible,LPDS_developer,MPDS_254nm,MPDS_366nm,MPDS_visible,MPDS_developer,HPDS_254nm,HPDS_366nm,HPDS_visible,HPDS_developer
,,,,0.07946092929265698,,,,,,,
,,,,0.035772290968510055,,,,,,,
,,,,-0.012331344351776382,,,,,,,
,,,,0.0020728860276575376,,,,,,,
,,,,0.0030024697251365196,,,,,,,
,,,,-0.0021792143676873793,,,,,,,
,,,,0.004461604576738657,,,,,,,
,,,,-0.0049211572041792245,,,,,,,
,,,,-0.002702124733152785,,,,,,,
,,,,-0.0017120402567878722,,,,,,,
