LPDS_254nm,LPDS_366nm,LPDS_visible,LPDS_developer,MPDS_254nm,MPDS_366nm,MPDS_visible,MPDS_developer,HPDS_254nm,HPDS_366nm,HPDS_visible,HPDS_developer
,,,0.0794609292926569,0.0782240971676528,,,,0.07946092929265694,,,
,,,0.03577229096851,0.0387820787208542,,,,0.03577229096851011,,,
,,,-0.0123313443517763,-0.0122875472909275,,,,-0.012331344351776366,,,
,,,0.0020728860276575,0.0023626809775157,,,,0.0020728860276575775,,,
,,,0.0030024697251365,-0.0017711690847022,,,,0.0030024697251365253,,,
