LPDS_254nm,LPDS_366nm,LPDS_visible,LPDS_developer,MPDS_254nm,MPDS_366nm,MPDS_visible,MPDS_developer,HPDS_254nm,HPDS_366nm,HPDS_visible,HPDS_developer
,,,0.0793408242679689,0.078132074406699,,,,0.07934082426796892,,,
,,,-0.0348203022308693,0.0377884507199517,,,,-0.03482030223086935,,,
,,,-0.012591949671108,-0.0125895353561185,,,,-0.012591949671107987,,,
,,,0.0024735758708666,0.0028022936333049,,,,0.0024735758708666197,,,
,,,-0.0033305583278544,-0.0019463823255882,,,,-0.0033305583278544926,,,
