LPDS_254nm,LPDS_366nm,LPDS_visible,LPDS_developer,MPDS_254nm,MPDS_366nm,MPDS_visible,MPDS_developer,HPDS_254nm,HPDS_366nm,HPDS_visible,HPDS_developer
,,0.0781637995278663,0.0794654972536901,0.0782287576611628,,,,0.07946549725369016,,,
,,-0.0347426484627403,0.0357779219408475,0.0387875791887755,,,,0.03577792194084749,,,
,,-0.0121249473781116,-0.0123153756739431,-0.0122701057797575,,,,-0.012315375673943134,,,
,,0.0030823306177516,0.0020766751358654,0.0023633439532232,,,,0.002076675135865412,,,
,,-0.0024233228214424,0.0029731910918899,-0.0017424773000382,,,,0.0029731910918899085,,,
