LPDS_254nm,LPDS_366nm,LPDS_visible,LPDS_developer,MPDS_254nm,MPDS_366nm,MPDS_visible,MPDS_developer,HPDS_254nm,HPDS_366nm,HPDS_visible,HPDS_developer
,,0.0782280729424058,0.0793645924397618,0.0781233755029454,,,,0.07936459243976182,,,
,,-0.0347965473831134,0.0356615816322384,0.0386531733847336,,,,0.035661581632238475,,,
,,-0.0121485682776958,-0.0123252834456089,-0.0122766408157845,,,,-0.012325283445608987,,,
,,0.0029793083872688,0.0025213933371601,0.0026548601617138,,,,0.002521393337160122,,,
,,-0.0023010399183022,-0.0024078976981463,-0.0008944177256368,,,,-0.0024078976981463346,,,
