LPDS_254nm,LPDS_366nm,LPDS_visible,LPDS_developer,MPDS_254nm,MPDS_366nm,MPDS_visible,MPDS_developer,HPDS_254nm,HPDS_366nm,HPDS_visible,HPDS_developer
,,0.01505954881649,0.0149304017855604,0.0142766073162995,,,,0.014930401785560397,,,
,,0.0333391788202486,-0.0344701033296919,-0.0327309525054879,,,,-0.034470103329691984,,,
,,0.0051876310500411,0.0050836558936636,0.0047940480643283,,,,0.005083655893663588,,,
,,-0.0060785606359834,-0.0025950969760954,-0.0047281328825108,,,,-0.0025950969760955116,,,
,,0.0118430938326368,-0.0133787443840958,0.0106995145409753,,,,-0.01337874438409583,,,
