LPDS_254nm,LPDS_366nm,LPDS_visible,LPDS_developer,MPDS_254nm,MPDS_366nm,MPDS_visible,MPDS_developer,HPDS_254nm,HPDS_366nm,HPDS_visible,HPDS_developer
,,,,0.014932840280500483,,,,,,,
,,,,-0.03445840735433297,,,,,,,
,,,,0.005084161220257329,,,,,,,
,,,,-0.0026077724831958496,,,,,,,
,,,,-0.013395164980921557,,,,,,,
,,,,0.0013383662080810102,,,,,,,
,,,,0.0032599575360517273,,,,,,,
,,,,-0.0009024630879094874,,,,,,,
,,,,0.0023641386709395236,,,,,,,
,,,,-2.517520998454782e-05,,,,,,,
