LPDS_254nm,LPDS_366nm,LPDS_visible,LPDS_developer,MPDS_254nm,MPDS_366nm,MPDS_visible,MPDS_developer,HPDS_254nm,HPDS_366nm,HPDS_visible,HPDS_developer
,,,0.0149328402805004,0.0149328402805004,,,,0.014932840280500478,,,
,,,-0.0344584073543329,-0.0344584073543329,,,,-0.03445840735433297,,,
,,,0.0050841612202573,0.0050841612202572,,,,0.0050841612202572935,,,
,,,-0.0026077724831957,-0.002607772483196,,,,-0.0026077724831957624,,,
,,,-0.0133951649809215,-0.0133951649809215,,,,-0.013395164980921569,,,
