LPDS_254nm,LPDS_366nm,LPDS_visible,LPDS_developer,MPDS_254nm,MPDS_366nm,MPDS_visible,MPDS_developer,HPDS_254nm,HPDS_366nm,HPDS_visible,HPDS_developer
,,0.0151313874083315,0.0150363461930088,0.0143738986786012,,,,0.015036346193008846,,,
,,0.0332719863054492,-0.0342647443355486,-0.0325401993496931,,,,-0.03426474433554863,,,
,,0.0052359811630096,0.0051026272980773,0.0048142713463813,,,,0.0051026272980774215,,,
,,-0.0064699815980668,-0.0049442083974155,-0.00755922132247,,,,-0.00494420839741569,,,
,,0.0116297347043725,0.0127509797799147,0.0089809273383665,,,,0.012750979779914668,,,
