LPDS_254nm,LPDS_366nm,LPDS_visible,LPDS_developer,MPDS_254nm,MPDS_366nm,MPDS_visible,MPDS_developer,HPDS_254nm,HPDS_366nm,HPDS_visible,HPDS_developer
,,,0.014741743061008,0.0140945408609155,,,,0.014741743061008046,,,
,,,0.0340742426931416,-0.0324382646709739,,,,0.03407424269314167,,,
,,,0.0042644804646969,0.0041051647532538,,,,0.004264480464696965,,,
,,,-0.0049970330419684,-0.0073602078175092,,,,-0.004997033041968276,,,
,,,0.013783192806278,0.0104224433863251,,,,0.01378319280627809,,,
