LPDS_254nm,LPDS_366nm,LPDS_visible,LPDS_developer,MPDS_254nm,MPDS_366nm,MPDS_visible,MPDS_developer,HPDS_254nm,HPDS_366nm,HPDS_visible,HPDS_developer
,,,,-0.0149328402805004,,,,-0.0149328402805005,,,
,,,,-0.0344584073543329,,,,-0.034458407354332955,,,
,,,,-0.0050841612202573,,,,-0.005084161220257323,,,
,,,,0.0026077724831958,,,,0.002607772483195847,,,
,,,,-0.0133951649809215,,,,-0.013395164980921564,,,
