LPDS_254nm,LPDS_366nm,LPDS_visible,LPDS_developer,MPDS_254nm,MPDS_366nm,MPDS_visible,MPDS_developer,HPDS_254nm,HPDS_366nm,HPDS_visible,HPDS_developer
,,,0.0149328402805004,0.0142788343878588,,,,0.014932840280500495,,,
,,,-0.0344584073543329,-0.0327212762177363,,,,-0.03445840735433296,,,
,,,0.0050841612202573,0.0047970777535666,,,,0.005084161220257343,,,
,,,-0.0026077724831958,-0.0047329727609415,,,,-0.0026077724831958284,,,
,,,-0.0133951649809215,0.010715286786533,,,,-0.01339516498092155,,,
