LPDS_254nm,LPDS_366nm,LPDS_visible,LPDS_developer,MPDS_254nm,MPDS_366nm,MPDS_visible,MPDS_developer,HPDS_254nm,HPDS_366nm,HPDS_visible,HPDS_developer
,,,-0.0046667726421842,-0.0053362175119188,,,,-0.00466677264218427,,,
,,,0.0340393576681514,-0.032232398316975,,,,0.03403935766815142,,,
,,,-0.00991973124496,-0.0101488699464838,,,,-0.009919731244960034,,,
,,,-0.0065311252738964,-0.0085830899976511,,,,-0.006531125273896318,,,
,,,0.0124205864335991,0.0087308603521156,,,,0.012420586433599208,,,
