LPDS_254nm,LPDS_366nm,LPDS_visible,LPDS_developer,MPDS_254nm,MPDS_366nm,MPDS_visible,MPDS_developer,HPDS_254nm,HPDS_366nm,HPDS_visible,HPDS_developer
,,-0.0048569770469455,-0.0051176309879814,-0.0057924548501641,,,,-0.005117630987981501,,,
,,0.0341656043589164,-0.0349561956255218,-0.0331282636029888,,,,-0.03495619562552189,,,
,,-0.0088495618591875,-0.0094656806936794,-0.0097571257662332,,,,-0.009465680693679365,,,
,,-0.0063846103793184,-0.0045562602957375,-0.0077970211904087,,,,-0.004556260295737725,,,
,,0.0124327115278829,0.0138836057471024,0.010381237325284,,,,0.01388360574710244,,,
