LPDS_254nm,LPDS_366nm,LPDS_visible,LPDS_developer,MPDS_254nm,MPDS_366nm,MPDS_visible,MPDS_developer,HPDS_254nm,HPDS_366nm,HPDS_visible,HPDS_developer
,,-0.0049065100181596,-0.0051476015758466,-0.0058133840142234,,,,-0.005147601575846652,,,
,,0.0342068506251791,-0.0351595727508105,-0.0333220268536596,,,,-0.03515957275081057,,,
,,-0.0089054621416724,-0.0094576523776184,-0.0097446606914511,,,,-0.009457652377618489,,,
,,-0.0059003914129952,-0.0015869427476822,-0.0041949347133557,,,,-0.0015869427476823325,,,
,,0.0126130087438884,-0.0147396574437578,0.0125056710935993,,,,-0.014739657443757772,,,
