LPDS_254nm,LPDS_366nm,LPDS_visible,LPDS_developer,MPDS_254nm,MPDS_366nm,MPDS_visible,MPDS_developer,HPDS_254nm,HPDS_366nm,HPDS_visible,HPDS_developer
,,,-0.0051742454036831,-0.0058404489075911,,,,-0.005174245403683104,,,
,,,-0.0351488611685507,-0.0333106806242795,,,,-0.03514886116855079,,,
,,,-0.0094859480824593,-0.0097731489787613,,,,-0.009485948082459304,,,
,,,-0.0015665828538985,-0.0041532092197602,,,,-0.0015665828538985558,,,
,,,-0.0146914145986714,0.0124672907714578,,,,-0.014691414598671407,,,
