LPDS_254nm,LPDS_366nm,LPDS_visible,LPDS_developer,MPDS_254nm,MPDS_366nm,MPDS_visible,MPDS_developer,HPDS_254nm,HPDS_366nm,HPDS_visible,HPDS_developer
,,-0.0049355074031551,-0.0051835759488544,-0.0039304240219905,,,,-0.005183575948854432,,,
,,0.0341499990389787,-0.03498814465743,0.0059369208104304,,,,-0.034988144657430026,,,
,,-0.0089206763725905,-0.0096289822939873,0.0334900321341096,,,,-0.009628982293987325,,,
,,-0.0060896650755191,-0.0030583540906582,0.0094577033306716,,,,-0.003058354090658129,,,
,,0.0125602627410695,-0.0142005067065743,-0.0142729462737826,,,,-0.014200506706574396,,,
