LPDS_254nm,LPDS_366nm,LPDS_visible,LPDS_developer,MPDS_254nm,MPDS_366nm,MPDS_visible,MPDS_developer,HPDS_254nm,HPDS_366nm,HPDS_visible,HPDS_developer
,,,-0.0051742454036831,-0.0051742454036831,,,,-0.005174245403683132,,,
,,,-0.0351488611685507,-0.0351488611685507,,,,-0.035148861168550774,,,
,,,-0.0094859480824592,-0.0094859480824593,,,,-0.00948594808245933,,,
,,,-0.0015665828538984,-0.0015665828538987,,,,-0.0015665828538984842,,,
,,,-0.0146914145986713,-0.0146914145986713,,,,-0.014691414598671394,,,
