LPDS_254nm,LPDS_366nm,LPDS_visible,LPDS_developer,MPDS_254nm,MPDS_366nm,MPDS_visible,MPDS_developer,HPDS_254nm,HPDS_366nm,HPDS_visible,HPDS_developer
,,,,-0.005174245403683122,,,,,,,
,,,,-0.03514886116855078,,,,,,,
,,,,-0.009485948082459304,,,,,,,
,,,,-0.0015665828538985699,,,,,,,
,,,,-0.014691414598671406,,,,,,,
,,,,-0.007738061847836283,,,,,,,
,,,,0.0021869404281116877,,,,,,,
,,,,0.0015348824483580113,,,,,,,
,,,,0.002415424683113567,,,,,,,
,,,,-4.787116162176995e-05,,,,,,,
