LPDS_254nm,LPDS_366nm,LPDS_visible,LPDS_developer,MPDS_254nm,MPDS_366nm,MPDS_visible,MPDS_developer,HPDS_254nm,HPDS_366nm,HPDS_visible,HPDS_developer
,,,,-0.0367746229063826,,,,,,,
,,,,-0.03923343129054065,,,,,,,
,,,,-0.023944829027175478,,,,,,,
,,,,0.005151912390506067,,,,,,,
,,,,0.0011431477811575971,,,,,,,
,,,,-0.006386292680630812,,,,,,,
,,,,-0.0044603965749240105,,,,,,,
,,,,0.0009430146004941973,,,,,,,
,,,,-0.0039889566161154105,,,,,,,
,,,,0.0002581979158880673,,,,,,,
