LPDS_254nm,LPDS_366nm,LPDS_visible,LPDS_developer,MPDS_254nm,MPDS_366nm,MPDS_visible,MPDS_developer,HPDS_254nm,HPDS_366nm,HPDS_visible,HPDS_developer
,,-0.0346168146481825,-0.0367146472180829,-0.0374175726893102,,,,-0.03671464721808294,,,
,,0.0378949043081339,-0.0390880911022954,-0.0366900124487496,,,,-0.03908809110229548,,,
,,-0.0236063290445329,-0.0240510413934152,-0.0250597505101405,,,,-0.024051041393415188,,,
,,0.0036773335021886,0.004792950951656,0.0055340198866217,,,,0.004792950951655959,,,
,,-0.0008655524003786,-0.0007701651702206,-0.0001496825069289,,,,-0.0007701651702205661,,,
