LPDS_254nm,LPDS_366nm,LPDS_visible,LPDS_developer,MPDS_254nm,MPDS_366nm,MPDS_visible,MPDS_developer,HPDS_254nm,HPDS_366nm,HPDS_visible,HPDS_developer
,,,,0.0367746229063826,,,,0.036774622906382545,,,
,,,,-0.0392334312905406,,,,-0.03923343129054069,,,
,,,,0.0239448290271754,,,,0.02394482902717547,,,
,,,,-0.005151912390506,,,,-0.005151912390506118,,,
,,,,0.0011431477811575,,,,0.0011431477811575878,,,
