LPDS_254nm,LPDS_366nm,LPDS_visible,LPDS_developer,MPDS_254nm,MPDS_366nm,MPDS_visible,MPDS_developer,HPDS_254nm,HPDS_366nm,HPDS_visible,HPDS_developer
,,,-0.0367746229063825,-0.0374682177791466,,,,-0.03677462290638257,,,
,,,-0.0392334312905406,-0.0368369550770126,,,,-0.03923343129054069,,,
,,,-0.0239448290271755,-0.0249377145360856,,,,-0.023944829027175495,,,
,,,0.005151912390506,0.0057503855081859,,,,0.005151912390506042,,,
,,,0.0011431477811575,-0.0011252271555905,,,,0.0011431477811575988,,,
