LPDS_254nm,LPDS_366nm,LPDS_visible,LPDS_developer,MPDS_254nm,MPDS_366nm,MPDS_visible,MPDS_developer,HPDS_254nm,HPDS_366nm,HPDS_visible,HPDS_developer
,,-0.0345716913648172,-0.0368166705914995,-0.0337992456326861,,,,-0.03681667059149955,,,
,,0.0378368493135374,-0.0392434629490053,0.0150275071042099,,,,-0.03924346294900534,,,
,,-0.0235907254624011,-0.0241321407933062,0.0338128034411099,,,,-0.024132140793306243,,,
,,0.0037713570492866,0.0050206784979651,0.0215503935314628,,,,0.005020678497965195,,,
,,-0.0009818872299197,0.0013663201806035,0.0005544210244419,,,,0.0013663201806035734,,,
