LPDS_254nm,LPDS_366nm,LPDS_visible,LPDS_developer,MPDS_254nm,MPDS_366nm,MPDS_visible,MPDS_developer,HPDS_254nm,HPDS_366nm,HPDS_visible,HPDS_developer
,,,-0.0367746229063826,-0.0367746229063825,,,,-0.03677462290638262,,,
,,,-0.0392334312905406,-0.0392334312905406,,,,-0.03923343129054062,,,
,,,-0.0239448290271754,-0.0239448290271755,,,,-0.02394482902717549,,,
,,,0.005151912390506,0.005151912390506,,,,0.005151912390506056,,,
,,,0.0011431477811576,0.0011431477811575,,,,0.0011431477811576368,,,
