LPDS_254nm,LPDS_366nm,LPDS_visible,LPDS_developer,MPDS_254nm,MPDS_366nm,MPDS_visible,MPDS_developer,HPDS_254nm,HPDS_366nm,HPDS_visible,HPDS_developer
,,,-0.0380022231398262,-0.0386858290651331,,,,-0.03800222313982621,,,
,,,0.0400261081200766,-0.0376577804223616,,,,0.04002610812007662,,,
,,,-0.0242218252362159,-0.0251239350806516,,,,-0.024221825236216,,,
,,,0.0041743476050849,0.0053720650728099,,,,0.004174347605084929,,,
,,,-0.0020272941388939,-0.0020979047927508,,,,-0.0020272941388939977,,,
