LPDS_254nm,LPDS_366nm,LPDS_visible,LPDS_developer,MPDS_254nm,MPDS_366nm,MPDS_visible,MPDS_developer,HPDS_254nm,HPDS_366nm,HPDS_visible,HPDS_developer
,,-0.0692755000013762,-0.0696251348533375,-0.0685679440296896,,,,-0.06962513485333746,,,
,,0.0357388909865212,-0.0345033376935553,0.0159055476692378,,,,-0.03450333769355533,,,
,,-0.0224364424677422,-0.0222785320571335,0.0311835800805464,,,,-0.022278532057133583,,,
,,0.0132984164963759,0.0101377461924618,0.0202295148559256,,,,0.010137746192461747,,,
,,-0.0120006502440093,0.0155710932722265,0.0156917165370249,,,,0.0155710932722266,,,
