LPDS_254nm,LPDS_366nm,LPDS_visible,LPDS_developer,MPDS_254nm,MPDS_366nm,MPDS_visible,MPDS_developer,HPDS_254nm,HPDS_366nm,HPDS_visible,HPDS_developer
,,,-0.0705936447990432,-0.0705936447990431,,,,-0.07059364479904322,,,
,,,-0.0341892116737926,-0.0341892116737926,,,,-0.0341892116737926,,,
,,,-0.0228842697231689,-0.022884269723169,,,,-0.02288426972316903,,,
,,,0.0086188553324857,0.0086188553324859,,,,0.0086188553324857,,,
,,,0.0167199784875661,0.016719978487566,,,,0.016719978487566158,,,
