LPDS_254nm,LPDS_366nm,LPDS_visible,LPDS_developer,MPDS_254nm,MPDS_366nm,MPDS_visible,MPDS_developer,HPDS_254nm,HPDS_366nm,HPDS_visible,HPDS_developer
,,,-0.0713269174697851,-0.0720682522429671,,,,-0.07132691746978516,,,
,,,0.0355101333109461,-0.0330269713253565,,,,0.03551013331094609,,,
,,,-0.0217289768190795,-0.0229739154338764,,,,-0.02172897681907965,,,
,,,0.011364462765315,0.0151545860308523,,,,0.011364462765314819,,,
,,,-0.0137287633261668,-0.0110211256553452,,,,-0.013728763326167041,,,
