LPDS_254nm,LPDS_366nm,LPDS_visible,LPDS_developer,MPDS_254nm,MPDS_366nm,MPDS_visible,MPDS_developer,HPDS_254nm,HPDS_366nm,HPDS_visible,HPDS_developer
,,-0.0693204780608373,-0.0705770109573645,-0.0713362675198964,,,,-0.07057701095736449,,,
,,0.0357440508566246,-0.0341703498048498,-0.0316327689877761,,,,-0.03417034980484975,,,
,,-0.0223162381555881,-0.0228741118357711,-0.0242935541174577,,,,-0.022874111835771194,,,
,,0.0133002650637058,0.0085930370892101,0.0123365949383707,,,,0.008593037089210274,,,
,,-0.0120895982186927,0.0166236187347316,-0.0148723433432905,,,,0.01662361873473166,,,
