LPDS_254nm,LPDS_366nm,LPDS_visible,LPDS_developer,MPDS_254nm,MPDS_366nm,MPDS_visible,MPDS_developer,HPDS_254nm,HPDS_366nm,HPDS_visible,HPDS_developer
,,,,0.0705936447990432,,,,0.0705936447990431,,,
,,,,-0.0341892116737926,,,,-0.034189211673792706,,,
,,,,0.022884269723169,,,,0.022884269723169034,,,
,,,,-0.0086188553324858,,,,-0.008618855332485822,,,
,,,,0.0167199784875661,,,,0.016719978487566133,,,
