LPDS_254nm,LPDS_366nm,LPDS_visible,LPDS_developer,MPDS_254nm,MPDS_366nm,MPDS_visible,MPDS_developer,HPDS_254nm,HPDS_366nm,HPDS_visible,HPDS_developer
,,,,-0.07059364479904319,,,,,,,
,,,,-0.03418921167379263,,,,,,,
,,,,-0.02288426972316902,,,,,,,
,,,,0.008618855332485801,,,,,,,
,,,,0.016719978487566116,,,,,,,
,,,,0.008398672848179887,,,,,,,
,,,,0.0005306877491492038,,,,,,,
,,,,-0.001986931542035913,,,,,,,
,,,,0.0027198327001830133,,,,,,,
,,,,-0.0001677597380760945,,,,,,,
