LPDS_254nm,LPDS_366nm,LPDS_visible,LPDS_developer,MPDS_254nm,MPDS_366nm,MPDS_visible,MPDS_developer,HPDS_254nm,HPDS_366nm,HPDS_visible,HPDS_developer
,,-0.0692049428433399,-0.0704570896919006,-0.0712226186216645,,,,-0.07045708969190069,,,
,,0.0357550997550898,-0.0343384413349066,-0.0318114013160386,,,,-0.034338441334906655,,,
,,-0.0224093953884913,-0.0228406615918033,-0.0242674324318809,,,,-0.02284066159180334,,,
,,0.0136013762741215,0.0116948077400269,0.0161677041775725,,,,0.011694807740027048,,,
,,-0.0117533318603835,-0.0144592006372823,-0.0103853631709253,,,,-0.014459200637282251,,,
