LPDS_254nm,LPDS_366nm,LPDS_visible,LPDS_developer,MPDS_254nm,MPDS_366nm,MPDS_visible,MPDS_developer,HPDS_254nm,HPDS_366nm,HPDS_visible,HPDS_developer
,,-0.1147397708195368,-0.1151693079689641,-0.1162755666178874,,,,-0.11516930796896416,,,
,,-0.0201993322588347,0.0208715900877152,0.022224482688485,,,,0.02087159008771531,,,
,,0.0024588780764521,0.0024170803925138,0.0024162597656902,,,,0.002417080392513898,,,
,,-0.001538919467066,-0.0032653020182527,-0.0023574743328678,,,,-0.0032653020182527737,,,
,,-0.0041350892943651,0.0039451348981076,-0.0044350671496365,,,,0.003945134898107699,,,
