LPDS_254nm,LPDS_366nm,LPDS_visible,LPDS_developer,MPDS_254nm,MPDS_366nm,MPDS_visible,MPDS_developer,HPDS_254nm,HPDS_366nm,HPDS_visible,HPDS_developer
,,,,0.1151708259911229,,,,0.11517082599112292,,,
,,,,0.0208808821031104,,,,0.020880882103110374,,,
,,,,-0.0024276438516497,,,,-0.0024276438516497413,,,
,,,,0.0033483683760181,,,,0.0033483683760181966,,,
,,,,0.0038576527038652,,,,0.0038576527038652127,,,
