LPDS_254nm,LPDS_366nm,LPDS_visible,LPDS_developer,MPDS_254nm,MPDS_366nm,MPDS_visible,MPDS_developer,HPDS_254nm,HPDS_366nm,HPDS_visible,HPDS_developer
,,,-0.1150810360733174,-0.116170143791935,,,,-0.11508103607331745,,,
,,,-0.0203929851077967,0.0217936560997435,,,,-0.020392985107796708,,,
,,,0.0035571476551179,0.0035126653427203,,,,0.0035571476551178424,,,
,,,-0.0018747025265565,-0.000569902095399,,,,-0.0018747025265565965,,,
,,,-0.0046668926318672,-0.0049802182424068,,,,-0.004666892631867269,,,
