LPDS_254nm,LPDS_366nm,LPDS_visible,LPDS_developer,MPDS_254nm,MPDS_366nm,MPDS_visible,MPDS_developer,HPDS_254nm,HPDS_366nm,HPDS_visible,HPDS_developer
,,-0.1149743353432075,-0.1154310260194337,-0.1165410904366631,,,,-0.1154310260194338,,,
,,-0.0201354502354969,0.0206199077417493,0.0219571939986262,,,,0.02061990774174937,,,
,,0.0024180926007353,0.0024927611355173,0.0024957152419795,,,,0.0024927611355173014,,,
,,-0.0013667380863172,-0.0022599863329753,-0.0008387197321815,,,,-0.0022599863329753373,,,
,,-0.0041551184988253,-0.0042471524069637,-0.004639608486539,,,,-0.004247152406963747,,,
