LPDS_254nm,LPDS_366nm,LPDS_visible,LPDS_developer,MPDS_254nm,MPDS_366nm,MPDS_visible,MPDS_developer,HPDS_254nm,HPDS_366nm,HPDS_visible,HPDS_developer
,,,,-0.11517082599112292,,,,,,,
,,,,0.020880882103110517,,,,,,,
,,,,0.002427643851649775,,,,,,,
,,,,-0.003348368376018146,,,,,,,
,,,,0.0038576527038652136,,,,,,,
,,,,0.0030032628126328374,,,,,,,
,,,,0.005427197306300113,,,,,,,
,,,,0.0058433416900696795,,,,,,,
,,,,-0.0026955339147693496,,,,,,,
,,,,-0.0007378397162529136,,,,,,,
