LPDS_254nm,LPDS_366nm,LPDS_visible,LPDS_developer,MPDS_254nm,MPDS_366nm,MPDS_visible,MPDS_developer,HPDS_254nm,HPDS_366nm,HPDS_visible,HPDS_developer
,,,-0.1151708259911228,-0.116276996366358,,,,-0.11517082599112298,,,
,,,0.0208808821031105,0.0222299824301673,,,,0.020880882103110437,,,
,,,0.0024276438516497,0.0024306837352333,,,,0.002427643851649757,,,
,,,-0.0033483683760181,-0.002461548316849,,,,-0.003348368376018188,,,
,,,0.0038576527038651,-0.004366695851059,,,,0.0038576527038651966,,,
