LPDS_254nm,LPDS_366nm,LPDS_visible,LPDS_developer,MPDS_254nm,MPDS_366nm,MPDS_visible,MPDS_developer,HPDS_254nm,HPDS_366nm,HPDS_visible,HPDS_developer
,,-0.121619731680531,-0.1228746160367712,-0.1240583333746354,,,,-0.12287461603677134,,,
,,-0.0331715854416231,0.0336806052878424,0.0346468867105756,,,,0.03368060528784253,,,
,,0.009016809819403,0.0092265719860028,0.0096944366648366,,,,0.009226571986002794,,,
,,-0.0048944027864595,-0.0046391138587868,-0.0054302087657489,,,,-0.004639113858786806,,,
,,0.0019170770925891,0.00288142937034,0.0013530854227772,,,,0.0028814293703400126,,,
