LPDS_254nm,LPDS_366nm,LPDS_visible,LPDS_developer,MPDS_254nm,MPDS_366nm,MPDS_visible,MPDS_developer,HPDS_254nm,HPDS_366nm,HPDS_visible,HPDS_developer
,,-0.121278117772038,-0.1226182295425774,-0.1199073037045775,,,,-0.12261822954257733,,,
,,-0.033232041804048,0.0338487628643654,-0.0267684267698391,,,,0.03384876286436548,,,
,,0.0090142404429579,0.0092812498855393,-0.0263689120213218,,,,0.009281249885539343,,,
,,-0.0048765347073886,-0.0044913150206356,-0.0080898556944364,,,,-0.00449131502063564,,,
,,0.0019906812625068,-0.0034216794070678,-0.0042428570904911,,,,-0.0034216794070678716,,,
