LPDS_254nm,LPDS_366nm,LPDS_visible,LPDS_developer,MPDS_254nm,MPDS_366nm,MPDS_visible,MPDS_developer,HPDS_254nm,HPDS_366nm,HPDS_visible,HPDS_developer
,,,-0.1229316482612682,-0.12409171871471,,,,-0.12293164826126828,,,
,,,-0.034150745056031,0.0351128805774523,,,,-0.03415074505603098,,,
,,,0.0084279143402922,0.0088666908539547,,,,0.0084279143402922,,,
,,,-0.0044088274653253,-0.0053190972238629,,,,-0.0044088274653252876,,,
,,,0.0031254342618143,0.0022002043354102,,,,0.0031254342618143665,,,
