LPDS_254nm,LPDS_366nm,LPDS_visible,LPDS_developer,MPDS_254nm,MPDS_366nm,MPDS_visible,MPDS_developer,HPDS_254nm,HPDS_366nm,HPDS_visible,HPDS_developer
,,,-0.1225469061908324,-0.1237258923353311,,,,-0.12254690619083253,,,
,,,0.0337793604628396,0.034757500195117,,,,0.03377936046283956,,,
,,,0.0092342113168811,0.0096993557013856,,,,0.009234211316881112,,,
,,,-0.0038134399623928,-0.0046252578396854,,,,-0.003813439962392848,,,
,,,-0.0037914048272209,0.0030016520946242,,,,-0.0037914048272209818,,,
