LPDS_254nm,LPDS_366nm,LPDS_visible,LPDS_developer,MPDS_254nm,MPDS_366nm,MPDS_visible,MPDS_developer,HPDS_254nm,HPDS_366nm,HPDS_visible,HPDS_developer
,,-0.1213971573627318,-0.1225391063754865,-0.1237180136156967,,,,-0.12253910637548647,,,
,,-0.0332409265130493,0.0337831793944789,0.0347611369313079,,,,0.03378317939447897,,,
,,0.0090010318155802,0.0092342708024184,0.0096998472067701,,,,0.009234270802418506,,,
,,-0.0048043806597184,-0.0038700728494439,-0.0046862945500179,,,,-0.003870072849444009,,,
,,0.0021088180157744,-0.0038039370733272,0.0029985628995072,,,,-0.003803937073327273,,,
