LPDS_254nm,LPDS_366nm,LPDS_visible,LPDS_developer,MPDS_254nm,MPDS_366nm,MPDS_visible,MPDS_developer,HPDS_254nm,HPDS_366nm,HPDS_visible,HPDS_developer
,,,,-0.12254690619083254,,,,,,,
,,,,0.03377936046283964,,,,,,,
,,,,0.009234211316881116,,,,,,,
,,,,-0.0038134399623928326,,,,,,,
,,,,-0.003791404827220961,,,,,,,
,,,,-0.0028439613198927177,,,,,,,
,,,,-0.002296310747898669,,,,,,,
,,,,-0.0012911489931262,,,,,,,
,,,,0.0020463131523462243,,,,,,,
,,,,-0.0029356391838201226,,,,,,,
