LPDS_254nm,LPDS_366nm,LPDS_visible,LPDS_developer,MPDS_254nm,MPDS_366nm,MPDS_visible,MPDS_developer,HPDS_254nm,HPDS_366nm,HPDS_visible,HPDS_developer
,,,,0.068684379230417,,,,,,,
,,,,0.014695993626372066,,,,,,,
,,,,0.004697270395352509,,,,,,,
,,,,0.0034171079466070947,,,,,,,
,,,,0.012768263217410303,,,,,,,
,,,,-0.006046045255744171,,,,,,,
,,,,0.0020030182903440575,,,,,,,
,,,,3.053664519726689e-05,,,,,,,
,,,,0.001224550917621634,,,,,,,
,,,,-0.0011120175824677382,,,,,,,
