LPDS_254nm,LPDS_366nm,LPDS_visible,LPDS_developer,MPDS_254nm,MPDS_366nm,MPDS_visible,MPDS_developer,HPDS_254nm,HPDS_366nm,HPDS_visible,HPDS_developer
,,,0.0686843792304169,0.0675941048894816,,,,0.06868437923041697,,,
,,,0.014695993626372,0.0177405807457367,,,,0.014695993626372136,,,
,,,0.0046972703953525,0.0040253872574411,,,,0.0046972703953525085,,,
,,,0.003417107946607,0.0064285151249919,,,,0.0034171079466071004,,,
,,,0.0127682632174103,-0.0122345349986241,,,,0.012768263217410328,,,
