LPDS_254nm,LPDS_366nm,LPDS_visible,LPDS_developer,MPDS_254nm,MPDS_366nm,MPDS_visible,MPDS_developer,HPDS_254nm,HPDS_366nm,HPDS_visible,HPDS_developer
,,0.0676005297453585,0.0687455501926411,0.0676486193190208,,,,0.06874555019264118,,,
,,-0.0150046836854729,0.0147432801200481,0.0177781341372819,,,,0.014743280120048103,,,
,,0.0043376783845628,0.0046497363857917,0.0039733597144326,,,,0.004649736385791699,,,
,,0.0068112675187429,0.0055205424652833,0.0095786210594958,,,,0.005520542465283503,,,
,,-0.0112381854159759,-0.0121946415264103,-0.0101723911539431,,,,-0.01219464152641031,,,
