LPDS_254nm,LPDS_366nm,LPDS_visible,LPDS_developer,MPDS_254nm,MPDS_366nm,MPDS_visible,MPDS_developer,HPDS_254nm,HPDS_366nm,HPDS_visible,HPDS_developer
,,,0.0685763351764566,0.067495252991133,,,,0.06857633517645668,,,
,,,-0.0150469826367904,0.0181170898498791,,,,-0.015046982636790393,,,
,,,0.0050907799130327,0.0044788360721621,,,,0.005090779913032777,,,
,,,0.0051777658930879,0.0086913040056041,,,,0.005177765893087777,,,
,,,-0.0123886160166516,-0.0111016701830433,,,,-0.012388616016651708,,,
