LPDS_254nm,LPDS_366nm,LPDS_visible,LPDS_developer,MPDS_254nm,MPDS_366nm,MPDS_visible,MPDS_developer,HPDS_254nm,HPDS_366nm,HPDS_visible,HPDS_developer
,,,0.068684379230417,0.0686843792304169,,,,0.06868437923041702,,,
,,,0.014695993626372,0.0146959936263721,,,,0.014695993626372042,,,
,,,0.0046972703953524,0.0046972703953525,,,,0.004697270395352533,,,
,,,0.003417107946607,0.0034171079466072,,,,0.0034171079466070193,,,
,,,0.0127682632174103,0.0127682632174102,,,,0.012768263217410333,,,
