LPDS_254nm,LPDS_366nm,LPDS_visible,LPDS_developer,MPDS_254nm,MPDS_366nm,MPDS_visible,MPDS_developer,HPDS_254nm,HPDS_366nm,HPDS_visible,HPDS_developer
,,,,-0.068684379230417,,,,-0.06868437923041694,,,
,,,,0.014695993626372,,,,0.014695993626372163,,,
,,,,-0.0046972703953525,,,,-0.00469727039535254,,,
,,,,-0.0034171079466071,,,,-0.0034171079466070774,,,
,,,,0.0127682632174103,,,,0.01276826321741031,,,
