LPDS_254nm,LPDS_366nm,LPDS_visible,LPDS_developer,MPDS_254nm,MPDS_366nm,MPDS_visible,MPDS_developer,HPDS_254nm,HPDS_366nm,HPDS_visible,HPDS_developer
,,0.0676198441231878,0.0686895780636304,0.0675994492105553,,,,0.0686895780636304,,,
,,-0.0150665555967278,0.014702501723269,0.0177468772773491,,,,0.014702501723269002,,,
,,0.0044591734411036,0.0046997827475884,0.0040304458935671,,,,0.0046997827475884655,,,
,,0.0063721972015444,0.0034053600109348,0.0064245870357237,,,,0.0034053600109349943,,,
,,-0.0112744610819072,0.0127616725874013,-0.0122238191736425,,,,0.0127616725874013,,,
