LPDS_254nm,LPDS_366nm,LPDS_visible,LPDS_developer,MPDS_254nm,MPDS_366nm,MPDS_visible,MPDS_developer,HPDS_254nm,HPDS_366nm,HPDS_visible,HPDS_developer
,,,0.0600751082958678,0.0590821372551952,,,,0.06007510829586786,,,
,,,-0.0039238741004834,0.006823011146746,,,,-0.003923874100483415,,,
,,,0.0134679921645881,0.0127050072732769,,,,0.013467992164588124,,,
,,,0.0105088896743468,0.0137763276566431,,,,0.010508889674346699,,,
,,,-0.0109581940260725,-0.0087025925221369,,,,-0.010958194026072616,,,
