LPDS_254nm,LPDS_366nm,LPDS_visible,LPDS_developer,MPDS_254nm,MPDS_366nm,MPDS_visible,MPDS_developer,HPDS_254nm,HPDS_366nm,HPDS_visible,HPDS_developer
,,,,-0.0602183864629385,,,,-0.060218386462938485,,,
,,,,0.0046859548095372,,,,0.004685954809537282,,,
,,,,-0.0130753998682827,,,,-0.013075399868282796,,,
,,,,-0.0050259268722972,,,,-0.00502592687229715,,,
,,,,0.014864738032021,,,,0.014864738032021048,,,
