LPDS_254nm,LPDS_366nm,LPDS_visible,LPDS_developer,MPDS_254nm,MPDS_366nm,MPDS_visible,MPDS_developer,HPDS_254nm,HPDS_366nm,HPDS_visible,HPDS_developer
,,,0.0602183864629385,0.0602183864629385,,,,0.06021838646293855,,,
,,,0.0046859548095372,0.0046859548095372,,,,0.004685954809537191,,,
,,,0.0130753998682827,0.0130753998682827,,,,0.013075399868282777,,,
,,,0.005025926872297,0.0050259268722973,,,,0.0050259268722971035,,,
,,,0.014864738032021,0.0148647380320209,,,,0.014864738032021065,,,
