LPDS_254nm,LPDS_366nm,LPDS_visible,LPDS_developer,MPDS_254nm,MPDS_366nm,MPDS_visible,MPDS_developer,HPDS_254nm,HPDS_366nm,HPDS_visible,HPDS_developer
,,,0.0602183864629385,0.0592037742062873,,,,0.060218386462938506,,,
,,,0.0046859548095372,0.0076428507987451,,,,0.004685954809537262,,,
,,,0.0130753998682827,0.012154306646978,,,,0.013075399868282767,,,
,,,0.0050259268722971,0.0087396900039492,,,,0.005025926872297191,,,
,,,0.014864738032021,-0.0145107982657086,,,,0.014864738032021065,,,
