LPDS_254nm,LPDS_366nm,LPDS_visible,LPDS_developer,MPDS_254nm,MPDS_366nm,MPDS_visible,MPDS_developer,HPDS_254nm,HPDS_366nm,HPDS_visible,HPDS_developer
,,,,0.06021838646293855,,,,,,,
,,,,0.004685954809537223,,,,,,,
,,,,0.013075399868282765,,,,,,,
,,,,0.005025926872297184,,,,,,,
,,,,0.014864738032021041,,,,,,,
,,,,-0.0035153521235830043,,,,,,,
,,,,0.0005411103491134128,,,,,,,
,,,,0.0020209217938966574,,,,,,,
,,,,0.0014152856662149095,,,,,,,
,,,,0.004167312266659497,,,,,,,
