LPDS_254nm,LPDS_366nm,LPDS_visible,LPDS_developer,MPDS_254nm,MPDS_366nm,MPDS_visible,MPDS_developer,HPDS_254nm,HPDS_366nm,HPDS_visible,HPDS_developer
,,0.059181784963942,0.0603044120525286,0.0592848072504034,,,,0.060304412052528636,,,
,,-0.0040684236787653,0.0045598617171422,0.0074986804128444,,,,0.004559861717142178,,,
,,0.0134108438574877,0.0131063029483078,0.0121854529121209,,,,0.013106302948307764,,,
,,0.0108536337487481,0.0082146110380253,0.0129248598527811,,,,0.00821461103802547,,,
,,-0.0109444154577165,-0.0132470196461743,-0.0108012369050415,,,,-0.013247019646174314,,,
