LPDS_254nm,LPDS_366nm,LPDS_visible,LPDS_developer,MPDS_254nm,MPDS_366nm,MPDS_visible,MPDS_developer,HPDS_254nm,HPDS_366nm,HPDS_visible,HPDS_developer
,,0.0591074730579485,0.0602106150647053,0.0591960903626826,,,,0.06021061506470534,,,
,,-0.0039957679642166,0.004688961432954,0.0076469302002947,,,,0.004688961432953975,,,
,,0.0134440904970515,0.0130665163244905,0.012146965296432,,,,0.013066516324490626,,,
,,0.0105241422484292,0.0050477967470161,0.0087742576129368,,,,0.005047796747016341,,,
,,-0.0112438671204103,0.0148781951555622,-0.0145104123180343,,,,0.014878195155562173,,,
