LPDS_254nm,LPDS_366nm,LPDS_visible,LPDS_developer,MPDS_254nm,MPDS_366nm,MPDS_visible,MPDS_developer,HPDS_254nm,HPDS_366nm,HPDS_visible,HPDS_developer
,,,0.0444628597117407,0.0436128308220981,,,,0.04446285971174074,,,
,,,-0.014176661156502,-0.0116652986776364,,,,-0.01417666115650207,,,
,,,0.021605503467798,0.0206781895490327,,,,0.021605503467798045,,,
,,,0.0072723682959838,0.0095046328842699,,,,0.007272368295983905,,,
,,,0.0065865476999688,-0.006866683793435,,,,0.006586547699968872,,,
