LPDS_254nm,LPDS_366nm,LPDS_visible,LPDS_developer,MPDS_254nm,MPDS_366nm,MPDS_visible,MPDS_developer,HPDS_254nm,HPDS_366nm,HPDS_visible,HPDS_developer
,,0.0446528113093494,0.0446863577083112,0.0438263565971233,,,,0.044686357708311225,,,
,,0.0128402099096079,-0.0137961555041508,-0.0112899959819376,,,,-0.013796155504150868,,,
,,0.0205455441854981,0.0214296088079686,0.0204936607164511,,,,0.021429608807968646,,,
,,0.0085041296319443,0.0080225097572288,0.0108914009762416,,,,0.008022509757228997,,,
,,-0.0047790557586593,-0.0055981812526055,-0.0043643993939418,,,,-0.005598181252605547,,,
