LPDS_254nm,LPDS_366nm,LPDS_visible,LPDS_developer,MPDS_254nm,MPDS_366nm,MPDS_visible,MPDS_developer,HPDS_254nm,HPDS_366nm,HPDS_visible,HPDS_developer
,,,,0.04446285971174075,,,,,,,
,,,,-0.014176661156502091,,,,,,,
,,,,0.021605503467798035,,,,,,,
,,,,0.007272368295983891,,,,,,,
,,,,0.006586547699968832,,,,,,,
,,,,0.0009442887060810489,,,,,,,
,,,,-0.004568874102981782,,,,,,,
,,,,0.0014751161340589368,,,,,,,
,,,,0.0005073258401454685,,,,,,,
,,,,-0.0032984091236842594,,,,,,,
