LPDS_254nm,LPDS_366nm,LPDS_visible,LPDS_developer,MPDS_254nm,MPDS_366nm,MPDS_visible,MPDS_developer,HPDS_254nm,HPDS_366nm,HPDS_visible,HPDS_developer
,,0.0445323784600692,0.0444646485221163,0.0436148946317156,,,,0.04446464852211638,,,
,,0.0129551097475027,-0.0141782076433209,-0.0116671307013381,,,,-0.014178207643321028,,,
,,0.0205972551224269,0.0215969797831533,0.0206719271829612,,,,0.02159697978315332,,,
,,0.0083831142560565,0.0072411094195734,0.0094761594971541,,,,0.0072411094195735,,,
,,-0.0049661069447039,0.0065903362135421,-0.0068638671230319,,,,0.006590336213542101,,,
