LPDS_254nm,LPDS_366nm,LPDS_visible,LPDS_developer,MPDS_254nm,MPDS_366nm,MPDS_visible,MPDS_developer,HPDS_254nm,HPDS_366nm,HPDS_visible,HPDS_developer
,,0.0444724485632637,0.0443823214738076,0.0458675880981805,,,,0.0443823214738076,,,
,,0.012916895732773,-0.0139592825120737,-0.0137612371254296,,,,-0.013959282512073741,,,
,,0.0205299161120519,0.021862467705243,0.0186145524287731,,,,0.021862467705243034,,,
,,0.0083701212218825,0.0073257070940343,-0.013715110048074,,,,0.00732570709403436,,,
,,-0.0050208372653012,0.0056843644384339,0.0112363606721243,,,,0.0056843644384340095,,,
