LPDS_254nm,LPDS_366nm,LPDS_visible,LPDS_developer,MPDS_254nm,MPDS_366nm,MPDS_visible,MPDS_developer,HPDS_254nm,HPDS_366nm,HPDS_visible,HPDS_developer
,,0.0290826785641889,0.029117005342861,0.0283500359042217,,,,0.02911700534286099,,,
,,0.0196882364144704,-0.0215753435349847,-0.0195367736551201,,,,-0.021575343534984782,,,
,,0.0181154590921999,0.0198107538279429,0.0192469474068334,,,,0.019810753827942958,,,
,,0.0018685201476163,0.004049209560013,0.0038786677422491,,,,0.0040492095600130305,,,
,,0.0050206149571796,-0.0047501436978155,0.0033526852012182,,,,-0.0047501436978155676,,,
