LPDS_254nm,LPDS_366nm,LPDS_visible,LPDS_developer,MPDS_254nm,MPDS_366nm,MPDS_visible,MPDS_developer,HPDS_254nm,HPDS_366nm,HPDS_visible,HPDS_developer
,,0.0291469288934421,0.0292774821132457,0.0285020119728776,,,,0.029277482113245712,,,
,,0.019655487269946,-0.021357800355645,-0.0193330581259939,,,,-0.021357800355645044,,,
,,0.0182365406972096,0.0197495869510869,0.019182827962989,,,,0.019749586951086962,,,
,,0.0019729501905153,0.0033031867849205,0.0029012221411694,,,,0.003303186784920604,,,
,,0.0053685416515648,0.0055474633764463,0.0045072147263352,,,,0.005547463376446355,,,
