LPDS_254nm,LPDS_366nm,LPDS_visible,LPDS_developer,MPDS_254nm,MPDS_366nm,MPDS_visible,MPDS_developer,HPDS_254nm,HPDS_366nm,HPDS_visible,HPDS_developer
,,,0.0291184516305536,0.0283513027333365,,,,0.029118451630553675,,,
,,,-0.0215665938190635,-0.0195297982980588,,,,-0.021566593819063534,,,
,,,0.0198154652749117,0.0192527506203739,,,,0.01981546527491179,,,
,,,0.0040376186719693,0.0038684823381129,,,,0.004037618671969338,,,
,,,-0.0047735158453664,0.0033667639920636,,,,-0.004773515845366483,,,
