LPDS_254nm,LPDS_366nm,LPDS_visible,LPDS_developer,MPDS_254nm,MPDS_366nm,MPDS_visible,MPDS_developer,HPDS_254nm,HPDS_366nm,HPDS_visible,HPDS_developer
,,,0.0299574786528719,0.0291811734580078,,,,0.029957478652871985,,,
,,,0.0199436293439797,-0.0178661256866817,,,,0.019943629343979783,,,
,,,0.0191348545107653,0.0186697872044509,,,,0.019134854510765315,,,
,,,0.0034518215011237,0.0032360937652675,,,,0.0034518215011238988,,,
,,,0.0059725320382529,0.0046205451963932,,,,0.005972532038252892,,,
