LPDS_254nm,LPDS_366nm,LPDS_visible,LPDS_developer,MPDS_254nm,MPDS_366nm,MPDS_visible,MPDS_developer,HPDS_254nm,HPDS_366nm,HPDS_visible,HPDS_developer
,,,,0.029118451630553693,,,,,,,
,,,,-0.02156659381906356,,,,,,,
,,,,0.01981546527491177,,,,,,,
,,,,0.004037618671969316,,,,,,,
,,,,-0.004773515845366513,,,,,,,
,,,,0.003968212224868881,,,,,,,
,,,,-0.001461443314132407,,,,,,,
,,,,-0.001227390337766331,,,,,,,
,,,,-0.0030656642498045716,,,,,,,
,,,,0.0003644609112640603,,,,,,,
