LPDS_254nm,LPDS_366nm,LPDS_visible,LPDS_developer,MPDS_254nm,MPDS_366nm,MPDS_visible,MPDS_developer,HPDS_254nm,HPDS_366nm,HPDS_visible,HPDS_developer
,,,0.0237177963926831,0.0230034800286138,,,,0.023717796392683156,,,
,,,-0.0274703506271391,-0.025577304315491,,,,-0.02747035062713916,,,
,,,0.0133016350809692,0.0128808193397563,,,,0.013301635080969263,,,
,,,-0.0006592610610594,-0.0016959536136041,,,,-0.0006592610610594695,,,
,,,-0.0088076564917765,0.0064350863319198,,,,-0.00880765649177651,,,
