LPDS_254nm,LPDS_366nm,LPDS_visible,LPDS_developer,MPDS_254nm,MPDS_366nm,MPDS_visible,MPDS_developer,HPDS_254nm,HPDS_366nm,HPDS_visible,HPDS_developer
,,,0.0237177963926831,0.0237177963926831,,,,0.02371779639268314,,,
,,,-0.0274703506271391,-0.0274703506271391,,,,-0.027470350627139185,,,
,,,0.0133016350809692,0.0133016350809692,,,,0.013301635080969217,,,
,,,-0.0006592610610594,-0.0006592610610596,,,,-0.0006592610610594358,,,
,,,-0.0088076564917765,-0.0088076564917765,,,,-0.008807656491776525,,,
