LPDS_254nm,LPDS_366nm,LPDS_visible,LPDS_developer,MPDS_254nm,MPDS_366nm,MPDS_visible,MPDS_developer,HPDS_254nm,HPDS_366nm,HPDS_visible,HPDS_developer
,,0.0232240586908387,0.0237333244561914,0.0230193267443896,,,,0.023733324456191456,,,
,,0.0274920734276686,-0.0274806807913551,-0.0255872650962114,,,,-0.027480680791355183,,,
,,0.014079047242379,0.0133199361611206,0.0128988223728793,,,,0.013319936161120614,,,
,,-0.0020510138648752,-0.0006536031621307,-0.0017029209897652,,,,-0.0006536031621307928,,,
,,0.009533363608123,-0.0088276827946214,0.0064559407964175,,,,-0.00882768279462142,,,
