LPDS_254nm,LPDS_366nm,LPDS_visible,LPDS_developer,MPDS_254nm,MPDS_366nm,MPDS_visible,MPDS_developer,HPDS_254nm,HPDS_366nm,HPDS_visible,HPDS_developer
,,,0.0245718559215722,0.0238559401569725,,,,0.02457185592157226,,,
,,,0.0268880240248828,-0.0249767120820953,,,,0.02688802402488287,,,
,,,0.0133869838268002,0.0130301739142662,,,,0.013386983826800257,,,
,,,-0.0012266830633677,-0.0021522139406345,,,,-0.0012266830633675724,,,
,,,0.0089753176148695,0.0063722265714274,,,,0.008975317614869567,,,
