LPDS_254nm,LPDS_366nm,LPDS_visible,LPDS_developer,MPDS_254nm,MPDS_366nm,MPDS_visible,MPDS_developer,HPDS_254nm,HPDS_366nm,HPDS_visible,HPDS_developer
,,0.0232942055255362,0.0238595633098556,0.0231377168304649,,,,0.023859563309855673,,,
,,0.0273804915230339,-0.0273321686470449,-0.0254564857594218,,,,-0.02733216864704493,,,
,,0.0140326921315647,0.0133436707889618,0.0129248707975443,,,,0.013343670788961832,,,
,,-0.002448292101307,-0.0019337301563006,-0.0032618333162875,,,,-0.0019337301563006973,,,
,,0.0093059020873895,0.0088684273784147,0.0060844823241343,,,,0.008868427378414711,,,
