LPDS_254nm,LPDS_366nm,LPDS_visible,LPDS_developer,MPDS_254nm,MPDS_366nm,MPDS_visible,MPDS_developer,HPDS_254nm,HPDS_366nm,HPDS_visible,HPDS_developer
,,,,0.023717796392683146,,,,,,,
,,,,-0.027470350627139165,,,,,,,
,,,,0.013301635080969255,,,,,,,
,,,,-0.0006592610610594914,,,,,,,
,,,,-0.008807656491776523,,,,,,,
,,,,0.004628433746129087,,,,,,,
,,,,0.0018617216937201245,,,,,,,
,,,,-0.0013975644070567308,,,,,,,
,,,,-0.0015088450992048867,,,,,,,
,,,,0.0008727907686112198,,,,,,,
