LPDS_254nm,LPDS_366nm,LPDS_visible,LPDS_developer,MPDS_254nm,MPDS_366nm,MPDS_visible,MPDS_developer,HPDS_254nm,HPDS_366nm,HPDS_visible,HPDS_developer
,,0.0231456268307222,0.0235439872889782,0.0244462355669891,,,,0.02354398728897824,,,
,,0.0274912899588672,-0.0273843191535218,-0.0066371626181,,,,-0.027384319153521845,,,
,,0.0140560090196507,0.0130689659111469,0.0313867279038102,,,,0.013068965911146984,,,
,,-0.0022284904258228,-0.0012719335147142,-0.0088370292886238,,,,-0.001271933514714211,,,
,,0.0095011770508891,-0.0088602868558349,-0.0068316866655778,,,,-0.008860286855834927,,,
