LPDS_254nm,LPDS_366nm,LPDS_visible,LPDS_developer,MPDS_254nm,MPDS_366nm,MPDS_visible,MPDS_developer,HPDS_254nm,HPDS_366nm,HPDS_visible,HPDS_developer
,,0.0766032641459055,0.077685606367315,0.076684822890411,,,,0.07768560636731507,,,
,,-0.0052783768355172,0.0058203931481861,0.0086378862763671,,,,0.005820393148186043,,,
,,-0.0092380573505747,-0.0106953015979655,-0.0108341981151056,,,,-0.010695301597965489,,,
,,-0.0324849802113802,-0.0356348034063433,-0.0337210488370692,,,,-0.03563480340634327,,,
,,-0.0124044534375825,0.0038735589054468,-0.0121157384415174,,,,0.0038735589054472107,,,
