LPDS_254nm,LPDS_366nm,LPDS_visible,LPDS_developer,MPDS_254nm,MPDS_366nm,MPDS_visible,MPDS_developer,HPDS_254nm,HPDS_366nm,HPDS_visible,HPDS_developer
,,,,0.07769877370487902,,,,,,,
,,,,0.005815213952347245,,,,,,,
,,,,-0.010686074202064555,,,,,,,
,,,,-0.03565331832063077,,,,,,,
,,,,0.0038661145147693456,,,,,,,
,,,,0.0030590169192409094,,,,,,,
,,,,-0.002668931350962249,,,,,,,
,,,,0.0008678829667767238,,,,,,,
,,,,0.00025440621646126036,,,,,,,
,,,,0.00011196535672985448,,,,,,,
