LPDS_254nm,LPDS_366nm,LPDS_visible,LPDS_developer,MPDS_254nm,MPDS_366nm,MPDS_visible,MPDS_developer,HPDS_254nm,HPDS_366nm,HPDS_visible,HPDS_developer
,,,,-0.077698773704879,,,,-0.07769877370487895,,,
,,,,0.0058152139523472,,,,0.005815213952347346,,,
,,,,0.0106860742020645,,,,0.010686074202064615,,,
,,,,0.0356533183206307,,,,0.03565331832063079,,,
,,,,0.0038661145147693,,,,0.0038661145147692974,,,
