LPDS_254nm,LPDS_366nm,LPDS_visible,LPDS_developer,MPDS_254nm,MPDS_366nm,MPDS_visible,MPDS_developer,HPDS_254nm,HPDS_366nm,HPDS_visible,HPDS_developer
,,,0.0776987737048789,0.0766979828402196,,,,0.077698773704879,,,
,,,0.0058152139523472,0.008630718119052,,,,0.005815213952347297,,,
,,,-0.0106860742020645,-0.0108228829735666,,,,-0.010686074202064523,,,
,,,-0.0356533183206307,-0.0337503725205309,,,,-0.035653318320630796,,,
,,,0.0038661145147693,-0.0120855681212518,,,,0.0038661145147692692,,,
