LPDS_254nm,LPDS_366nm,LPDS_visible,LPDS_developer,MPDS_254nm,MPDS_366nm,MPDS_visible,MPDS_developer,HPDS_254nm,HPDS_366nm,HPDS_visible,HPDS_developer
,,0.0761560387575376,0.0779354978986105,0.0766136703375748,,,,0.0779354978986105,,,
,,-0.005073580865757,0.0055227024330766,0.0151996830943375,,,,0.005522702433076581,,,
,,-0.0093051443483203,-0.010490999676686,-0.0117010492446523,,,,-0.010490999676686026,,,
,,-0.0321068648660249,-0.0346350589877104,-0.011366642061836,,,,-0.03463505898771051,,,
,,-0.0126479374254854,0.0066730906787414,-0.014776289890882,,,,0.006673090678741158,,,
