LPDS_254nm,LPDS_366nm,LPDS_visible,LPDS_developer,MPDS_254nm,MPDS_366nm,MPDS_visible,MPDS_developer,HPDS_254nm,HPDS_366nm,HPDS_visible,HPDS_developer
,,0.0765154048466483,0.0776607801991362,0.0766583125012512,,,,0.07766078019913626,,,
,,-0.0051133858568858,0.0053458198312293,0.0081306416114478,,,,0.005345819831229368,,,
,,-0.0090929954079871,-0.010142901725278,-0.0102524097309558,,,,-0.010142901725277905,,,
,,-0.0318844809719306,-0.0338797224158019,-0.0286073751866847,,,,-0.03387972241580192,,,
,,-0.0133130177336229,-0.0097228393971449,-0.0205752844303441,,,,-0.00972283939714517,,,
