LPDS_254nm,LPDS_366nm,LPDS_visible,LPDS_developer,MPDS_254nm,MPDS_366nm,MPDS_visible,MPDS_developer,HPDS_254nm,HPDS_366nm,HPDS_visible,HPDS_developer
,,-0.123997356661229,-0.1251950001531041,-0.1263768379295113,,,,-0.12519500015310422,,,
,,-0.0319786231611792,0.032648410933609,0.033676123679352,,,,0.032648410933609116,,,
,,0.0074775322247362,0.0079418064506144,0.0083270981102511,,,,0.007941806450614453,,,
,,-0.0036358608325424,-0.0036689184043993,-0.0040417896729323,,,,-0.003668918404399265,,,
,,0.0008479510119285,0.0013993763910223,0.0002774080718385,,,,0.0013993763910222768,,,
