LPDS_254nm,LPDS_366nm,LPDS_visible,LPDS_developer,MPDS_254nm,MPDS_366nm,MPDS_visible,MPDS_developer,HPDS_254nm,HPDS_366nm,HPDS_visible,HPDS_developer
,,-0.1237292943449273,-0.1251385138991484,-0.1223794796663507,,,,-0.1251385138991483,,,
,,-0.0320513322604866,0.0327840550239921,-0.0257190871847506,,,,0.032784055023992176,,,
,,0.007521749622281,0.0077423031406841,-0.0255196215675038,,,,0.007742303140684161,,,
,,-0.0035852252943829,-0.0037048279055118,-0.006635612933183,,,,-0.003704827905511933,,,
,,0.0009596556499723,-0.0015430475670612,-0.0027600996039867,,,,-0.0015430475670613034,,,
