LPDS_254nm,LPDS_366nm,LPDS_visible,LPDS_developer,MPDS_254nm,MPDS_366nm,MPDS_visible,MPDS_developer,HPDS_254nm,HPDS_366nm,HPDS_visible,HPDS_developer
,,,-0.1249604819060873,-0.1261381444311504,,,,-0.12496048190608745,,,
,,,0.0328196231519998,0.033859352562371,,,,0.03281962315199975,,,
,,,0.0079280063702534,0.008310592538265,,,,0.007928006370253472,,,
,,,-0.00342527679696,-0.0038605785502695,,,,-0.0034252767969600428,,,
,,,-0.0020043282337521,0.0013702468833965,,,,-0.002004328233752086,,,
