LPDS_254nm,LPDS_366nm,LPDS_visible,LPDS_developer,MPDS_254nm,MPDS_366nm,MPDS_visible,MPDS_developer,HPDS_254nm,HPDS_366nm,HPDS_visible,HPDS_developer
,,,-0.1249604819060874,-0.1249604819060873,,,,-0.12496048190608751,,,
,,,0.0328196231519998,0.0328196231519997,,,,0.032819623151999835,,,
,,,0.0079280063702534,0.0079280063702534,,,,0.007928006370253482,,,
,,,-0.00342527679696,-0.00342527679696,,,,-0.0034252767969599907,,,
,,,-0.0020043282337521,-0.002004328233752,,,,-0.0020043282337521198,,,
