LPDS_254nm,LPDS_366nm,LPDS_visible,LPDS_developer,MPDS_254nm,MPDS_366nm,MPDS_visible,MPDS_developer,HPDS_254nm,HPDS_366nm,HPDS_visible,HPDS_developer
,,-0.1238511662588337,-0.1249486129980725,-0.1261260625674592,,,,-0.1249486129980725,,,
,,-0.0320747408839629,0.0328143027573837,0.0338529934930075,,,,0.03281430275738382,,,
,,0.0074561825176608,0.0079523017399859,0.0083360205263651,,,,0.007952301739985955,,,
,,-0.0036822347243231,-0.0034313795876893,-0.0038776849631443,,,,-0.003431379587689416,,,
,,0.0009510679496473,-0.002051899187096,0.0014106802465878,,,,-0.0020518991870960113,,,
