LPDS_254nm,LPDS_366nm,LPDS_visible,LPDS_developer,MPDS_254nm,MPDS_366nm,MPDS_visible,MPDS_developer,HPDS_254nm,HPDS_366nm,HPDS_visible,HPDS_developer
,,,,-0.12496048190608748,,,,,,,
,,,,0.032819623151999835,,,,,,,
,,,,0.007928006370253472,,,,,,,
,,,,-0.003425276796960009,,,,,,,
,,,,-0.002004328233752074,,,,,,,
,,,,-0.001641380878846608,,,,,,,
,,,,-0.002151947402578941,,,,,,,
,,,,-0.003515748086999187,,,,,,,
,,,,-6.412248251017668e-05,,,,,,,
,,,,0.003500470208393827,,,,,,,
