LPDS_254nm,LPDS_366nm,LPDS_visible,LPDS_developer,MPDS_254nm,MPDS_366nm,MPDS_visible,MPDS_developer,HPDS_254nm,HPDS_366nm,HPDS_visible,HPDS_developer
,,,,0.1249604819060874,,,,0.12496048190608734,,,
,,,,0.0328196231519997,,,,0.03281962315199968,,,
,,,,-0.0079280063702534,,,,-0.00792800637025344,,,
,,,,0.00342527679696,,,,0.0034252767969600354,,,
,,,,-0.0020043282337521,,,,-0.0020043282337520825,,,
